{
    "essential" : {
            "graphic_data_url": "datagirls.csv",
            "graphic_data_url2": "databoys.csv",
        
            "dateFormat":"%Y",
        
            "legendLabels" : [],
        
            "sourceText":["Baby Names - England and Wales, ONS "],
            "sourceURL":["https://www.ons.gov.uk/peoplepopulationandcommunity/birthsdeathsandmarriages/livebirths/bulletins/babynamesenglandandwales/2016/relateddata"],
        
            "annotationChart": [
               
            ],
            "annotationBullet": [
              
            ],
            "annotationXY":[
               
            ],
            "annotationAlign":[
               
            ],
        
            "circles" : true,    
            "annotationCXCY":[
              
            ],
        
            "yAxisLabel":"Most popular name (ranking)",
            "yAxisLabel2":"Less popular",
            "yAxisScale":[100, 1],   
            "yAxisBreak": false,
            "yAxisBreak_sm_md_lg": [52, 52, 52]            
    },
    "optional" : {
            "margin_sm": [10, 15, 28, 30],
            "margin_md": [10, 15, 28, 30],
            "margin_lg": [10, 15, 28, 30],
        
            "aspectRatio_sm" : [16,13],
            "aspectRatio_md" : [16,12],
            "aspectRatio_lg" : [16,8],
        
            "mobileBreakpoint" : 610, 
            
            "xAxisTextFormat_sm_md_lg" : ["%y", "%Y", "%Y"], 
                
            "x_num_ticks_sm_md_lg" : [7,17,17],    
            "y_num_ticks_sm_md_lg" : [6,8,10],
            "centre_line" : false,
            "centre_line_value" : 0
    }
}


